id,name,slug,short_description,long_description,regular_price,sale_price,image,images,category_id,created_at,updated_at,
1,"Importing into the table ""products""",anna,Improve trade become medical nation. Fear recent carry have.,"Pay window threat both remain medical. Turn sport list. So type how for and talk.
If sell run.
Could maintain provide security interest occur ten. Hear war maintain central sound where.
Weight after if possible. Ahead west top often. Truth administration letter support.",467,227,188,"https://ae-pic-a1.aliexpress-media.com/kf/A06233d3f7bd74572ada2a67849b41c0cf.jpg_220x220q75.jpg_.avif"",",1.png,1,2025-01-21 9:35:28,2025-02-15 18:24:38
2,Partial import:,jacqueline,Force hope can these sing wall stop. Into apply husband free claim including.,"Local perhaps perhaps least forget least. Media area when key. Door example actually film.
Strategy lot single. Avoid hospital marriage rich political. Resource responsibility training training.",362,366,298,"""https://ae-pic-a1.aliexpress-media.com/kf/Sdf480f0073b64b64b4c6a41d61818e12s.jpg_220x220q75.jpg_.avif"",",1.png,1,2025-01-25 3:30:28,2025-01-09 9:39:14
3,Allow the interruption of an import in case the script detects it is close to the PHP timeout limit.,amy,Your TV eat before reduce visit. Visit necessary thing treatment experience thus piece ask.,"People west cell father wonder become. Hot expect our front. Picture picture fund degree when. Audience data lawyer success house me.
Trade performance both economy room would we. Spend power few order itself.",423,144,184,"""https://ae-pic-a1.aliexpress-media.com/kf/Sf8f564ba0d6d48fb945e91a1d1fe97a7h.jpeg_220x220q75.jpeg_.avif"",",1.png,3,2025-02-01 22:37:12,2025-01-16 18:10:38
4,"This might be a good way to import large files, however it can break transactions.",mary,Minute move laugh senior discover. Teach leave Mr stock environment us early.,"Happy tonight quickly tax her hundred. As west its and couple.
Hundred final seat card because well discover. Deep billion forward result just single fire chair. Value team pay establish better push establish.",119,189,74,"""https://ae-pic-a1.aliexpress-media.com/kf/S2cc5f337876d40b0b4d05d958ccdae044.jpg_220x220q75.jpg_.avif"",",1.png,4,2025-02-01 4:11:10,2025-01-07 14:58:19
5,Skip this number of queries (for SQL) starting from the first one:,kristen,Tough so theory. Group include view young election.,"Pass staff investment when lay. Election strategy her culture fact stay.
At those no nature wrong season happen another. Training after idea style network nothing. Visit be speak develop half two quickly.",466,457,201,"""https://ae-pic-a1.aliexpress-media.com/kf/S7b73cdab2c8a457dafbc12b54e635692Y.jpg_220x220q75.jpg_.avif"",",1.png,7,2025-02-06 14:50:37,2025-02-01 6:19:53
6,Other options,steven,Present third challenge certainly movie.,"First my you building. Never firm position cause.
Play cup they ground whose soldier over. Assume pretty student support work government.
Parent plan case direction keep medical. Whose might before agent woman. Training meeting different during senior.",389,144,230,"https://ae-pic-a1.aliexpress-media.com/kf/A06233d3f7bd74572ada2a67849b41c0cf.jpg_220x220q75.jpg_.avif"",",1.png,2,2025-01-25 8:38:45,2025-01-31 21:33:19
7,Enable foreign key checks,cynthia,Area soldier few here. That fear scientist. Age what laugh this save guy.,"Capital believe wrong. Property seek analysis us hear. Democrat laugh name inside middle safe.
Clearly blue Congress each. Room expect analysis trouble. Cell improve character want.
Property collection much action statement. Fight career agent hotel.",165,225,224,"""https://ae-pic-a1.aliexpress-media.com/kf/Sdf480f0073b64b64b4c6a41d61818e12s.jpg_220x220q75.jpg_.avif"",",1.png,2,2025-02-01 13:54:57,2025-02-01 18:33:27